1	鴇色	ときいろ	Hermosa Pink	0	30	6	0
2	肉色	にくいろ	Corinthian Pink	0	35	15	0
3	一斤染	いっこんぞめ	Cameo Pink	10	32	19	0
4	桜鼠	さくらねずみ	Fawn	18	31	30	0
5	梅鼠	うめねず	Light Brown Drab	8	30	20	25
6	珊瑚珠色	さんごしゅいろ	Coral Red	0	55	40	0
7	柿色	かきいろ	Fresh Color	0	53	45	0
8	洗朱	あらいしゅ	Grenadine Pink	0	62	58	0
9	浅紅	うすくれない	Eosine Pink	0	63	23	0
10	紅梅色	こうばいいろ	Spinel Red	0	70	21	0
11	長春色	ちょうしゅんいろ	Old Rose	15	70	40	0
12	緋褪色	ひざめいろ	Eugenia Red	7	76	60	0
13	浅緋	うすひ	Eugenia Red	0	80	50	10
14	檜皮色	ひわだいろ	Raw Sienna	18	58	100	12
15	柿渋色	かきしぶいろ	Vinaceous Tawny	17	72	100	6
16	紅柿色	べにがきいろ	Jasper Red	2	83	100	0
17	赤色	あかいろ	Spectrum Red	5	100	100	0
18	朱色	しゅいろ	Red Orange	9	90	100	0
19	雀茶	すずめちゃ	Etruscan Red	16	80	74	6
20	栗梅	くりうめ	Burnt Sienna	22	76	100	15
21	小豆茶	あずきちゃ	Ocher Red	18	73	63	20
22	紅	くれない	Scarlet	10	95	72	7
23	臙脂色	えんじいろ	Carmine	0	100	75	16
24	浅蘇芳	うすすおう	Indian Lake	12	89	35	9
25	牡丹色	ぼたんいろ	Rosolane Purple	30	90	33	0
26	苺色	いちごいろ	Pomegranate Purple	23	100	50	6
27	小豆色	あずきいろ	Hydrangea Red	38	90	70	0
28	柿色	かきいろ	Brick Red	22	84	100	18
29	紅色	べにいろ	Carmine Red	25	95	80	16
30	紅樺色	べにかばいろ	Pompeian Red	18	97	74	19
31	茜色	あかねいろ	Red	30	100	70	10
32	鳶茶色	とびちゃいろ	Brown	35	74	90	35
33	鳶色	とびいろ	Hay's Russet	37	85	87	35
34	紅海老茶	べにえびちゃ	Vandyke Red	32	95	95	33
35	蘇芳色	すおういろ	Pansy Purple	34	100	60	34
36	海老茶色	えびちゃいろ	Pale Burnt Lake	25	90	80	40
37	京紫	きょうむらさき	Violet Red	75	100	50	5
38	栗皮色	くりかわいろ	Vistoris Lake	40	71	55	40
39	蒸栗色	むしくりいろ	Sulphur Yellow	4	4	28	0
40	淡卵色	うすたまごいろ	Pale Lemon Yellow	0	4	38	0
41	淡黄蘗	うすきはだ	Naples Yellow	2	7	44	0
42	白茶	しらちゃ	Ivory Buff	8	15	40	0
43	肌色	はだいろ	Seashell Pink	0	19	23	0
44	淡香色	うすこういろ	Light Pinkish Cinnamon	0	25	40	0
45	砥粉色	とのこいろ	Pinkish Cinnamon	5	32	53	0
46	玉蜀黍色	とうもろこしいろ	Cinnamon Buff	0	25	57	0
47	卵色	たまごいろ	Cream Yellow	0	28	68	0
48	金茶	きんちゃ	Golden Yellow	2	42	74	0
49	香色	こういろ	Vinaceous Cinnamon	4	40	42	0
50	欵冬色	ふきいろ	Ochraceous Salmon	15	38	55	0
51	落葉色	おちばいろ	Isabella Color	15	28	60	10
52	幹色	みきいろ	Maple	5	26	56	20
53	桑色白茶	くわいろしらちゃ	Olive Buff	16	6	42	12
54	灰汁色	あくいろ	Ecru	20	25	40	6
55	黄色	きいろ	Yellow	0	0	100	0
56	金絲雀色	かなりやいろ	Lemon Yellow	5	0	85	0
57	鬱金色	うこんいろ	Apricot Yellow	0	10	100	0
58	淡青朽葉	うすあおくちば	Pyrite Yellow	23	25	80	0
59	油色	あぶらいろ	Olive Ocher	18	26	90	0
60	山吹茶	やまぶきちゃ	Yellow Ocher	12	28	88	0
61	山吹色	やまぶきいろ	Orange Yellow	0	33	100	0
62	柑子色	こうじいろ	Yellow Orange	0	45	100	0
63	深支子	こきくちなし	Apricot Orange	0	55	75	0
64	橙色	とうしょく	Orange	0	68	100	0
65	杏色	あんずいろ	Peach Red	0	80	90	0
66	蒲色	かばいろ	English Red	13	73	100	0
67	代赭色	たいしゃいろ	Cinnamon Rufous	20	60	82	5
68	飴色	あめいろ	Orange Rufous	18	65	100	8
69	黄蘗色	きはだいろ	Sulphine Yellow	24	32	100	4
70	黄茶	きちゃ	Khaki	24	45	100	6
71	菜種油色	なたねいろ	Citron Yellow	35	17	95	0
72	青朽葉	あおくちば	Citrine	36	32	100	7
73	黄海松茶	きみるちゃ	Buffy Citrine	42	40	82	8
74	路考茶	ろこうちゃ	Dark Citrine	38	34	67	20
75	利久茶	りきゅうちゃ	Light Grayish Olive	43	36	62	19
76	鶯色	うぐいすいろ	Kronbergs Green	48	35	70	12
77	橄欖色	オリーブ	Olive	48	38	100	15
78	銀煤竹	ぎんすすたけ	Orange Citrine	28	48	92	24
79	丁字茶	ちょうじちゃ	Sudan Brown	25	60	65	19
80	海松茶	みるちゃ	Olive Green	56	40	85	22
81	鶯茶	うぐいすちゃ	Light Brownish Olive	42	46	73	24
82	生壁色	なまかべいろ	Deep Grayish Olive	50	48	78	37
83	媚茶色	こびちゃいろ	Pale Raw Umber	46	63	87	32
84	憲法色	けんぼういろ	Sepia	48	60	100	40
85	赤白橡	あかのしろつるばみ	Madder Brown	36	88	100	38
86	煙草色	たばこいろ	Mars Brown/Tobacco	39	76	100	47
87	焦茶色	こげちゃいろ	Vandyke Brown	56	71	97	52
88	白緑	びゃくろく	Turquoise Green	29	0	24	0
89	裏葉色	うらはいろ	Glaucous Green	30	9	24	0
90	若苗色	わかなえいろ	Dark Greenish Glaucous	30	15	36	0
91	若草色	わかくさいろ	Yellow Green	35	0	72	0
92	鶸色	ひわいろ	Light Green Yellow	26	5	85	0
93	鶸萌木	ひわもえぎ	Night Green	52	0	100	0
94	苔色	こけいろ	Olive Yellow	40	30	80	0
95	千草鼠	ちくさねずみ	Artemisia Green	57	28	39	8
96	山鳩色	やまばといろ	Andover Green	60	40	50	10
97	松葉色	まつばいろ	Rainette Green	42	20	62	28
98	老緑	おいみどり	Chromium Green	50	16	58	20
99	木賊色	とくさいろ	Pistachio Green	64	29	56	6
100	若竹色	わかたけいろ	Sea Green	80	0	51	0
101	青竹色	あおたけいろ	Benzol Green	100	15	55	0
102	老竹色	おいたけいろ	Light Porcelain Green	86	22	50	3
103	緑色	みどりいろ	Green	75	21	73	0
104	草色	くさいろ	Dull Viridian Green	90	20	80	0
105	麹塵	きくじん	Oil Green	53	28	100	8
106	常磐色	ときわいろ	Diamine Green	87	20	100	10
107	萌木色	もえぎいろ	Cossack Green	76	32	91	18
108	海松色	みるいろ	Lincoln Green	60	48	86	37
109	藍海松茶	あいみるちゃ	Blackish Olive	56	32	63	55
110	千歳茶	せんさいちゃ	Deep Slate Olive	76	60	80	62
111	水色	みずいろ	Nile Blue	25	0	10	0
112	瓶覗	かめのぞき	Pale King's Blue	33	4	7	0
113	深川鼠	ふかがわねずみ	Light Glaucous Blue	35	10	14	0
114	空色	そらいろ	Salvia Blue	41	25	10	0
115	青磁色	せいじいろ	Cobalt Green	42	0	42	0
116	淡浅葱	うすあさぎ	Calamine Blue	50	0	20	0
117	水浅葱	みずあさぎ	Venice Green	58	0	30	0
118	花浅葱	はなあさぎ	Cerulian Blue	84	26	32	0
119	浅葱色	あさぎいろ	Peacock Blue	100	19	43	0
120	納戸鼠	なんどねずみ	Green Blue	82	24	40	3
121	浅縹	うすはなだ	Olympic Blue	69	44	10	0
122	青色	あおいろ	Blue	95	54	0	0
123	納戸色	なんどいろ	Antwarp Blue	100	40	30	10
124	活色	かついろ	Helvetia Blue	100	62	19	10
125	藍鼠	あいねずみ	Dark Medici Blue	70	45	45	15
126	海松藍	みるあい	Dusky Green	100	30	64	50
127	群青色	ぐんじょういろ	Deep Lyons Blue	100	85	15	6
128	花色	はないろ	Violet Blue	85	79	38	16
129	縹色	はなだいろ	Vandar Poel's Blue	100	73	43	10
130	深縹	こきはなだ	Dark Tyrian Blue	90	66	36	50
131	褐色	かちいろ	Dull Violet Black	100	90	38	50
132	紺色	こんいろ	Deep Indigo	100	92	52	60
133	鉄色	てついろ	Deep Slate Green	80	50	60	70
134	藤色	ふじいろ	Grayish Lavender	28	28	0	0
135	薄色	うすいろ	Grayish Lavender	25	33	20	0
136	紅藤	べにふじ	Laelia Pink	20	48	18	0
137	鳩羽紫	はとばむらさき	Lilac	28	54	8	0
138	梅紫	うめむらさき	Eupatorium Purple	25	79	12	0
139	浅紫	うすむらさき	Light Mauve	43	62	5	0
140	半色	はしたいろ	Aconite Violet	39	68	5	0
141	藤納戸	ふじなんど	Dull Blue Violet	57	60	17	0
142	二藍	ふたあい	Dark Soft Violet	70	68	13	0
143	桔梗色	ききょういろ	Blue Violet	72	80	0	0
144	浅滅紫	うすけしむらさき	Purple Drab	38	65	49	26
145	藤鼠	ふじねずみ	Deep Violet/Plumbeous	61	52	43	7
146	牡丹鼠	ぼたんねずみ	Vernonia Purple	42	78	46	15
147	蒲萄色	えびいろ	Dark Slate Purple	64	85	60	10
148	濃色	こきいろ	Taupe Brown	30	70	35	40
149	桑染色	くわぞめいろ	Violet Carmine	64	90	70	10
150	紫色	むらさきいろ	Violet	85	90	18	0
151	菖蒲色	あやめいろ	Red Violet	76	100	25	15
152	杜若色	かきつばたいろ	Cotinga Purple	66	100	42	40
153	黒紫	こくし	Dusky Madder Violet	75	100	46	30
154	白色	しろいろ	White	0	0	0	0
155	銀鼠	ぎんねず	Neutral Gray	29	18	20	0
156	鼠色	ねずみいろ	Mineral Gray	33	18	25	7
157	灰色	はいいろ	Warm Gray	37	28	36	3
158	石板色	せきばんいろ	Slate Color	85	70	62	30
159	黒色	くろいろ	Black	20	10	15	100
